{
  "speed": 70.0,
  "azimuth": 0.17613419560664642,
  "release_time": 0.0,
  "explode_delay": 0.7774274726118469,
  "value": 4.549999999999992,
  "steps": 2640,
  "elapsed_sec": 357.35626101493835,
  "timestamp": 1757087975.4731965
}