{
  "speed": 128.05193748522046,
  "azimuth": 0.9693103553231772,
  "release_time": 0.12362311926725117,
  "explode_delay": 0.0,
  "value": 3.2199999999999753,
  "steps": 115,
  "elapsed_sec": 39.64383387565613,
  "timestamp": 1757128844.7877712
}