{
  "speed": 120.51005736037659,
  "azimuth": 0.1338715342803134,
  "release_time": 0.0,
  "explode_delay": 0.30213526111605166,
  "value": 3.8499999999999943,
  "steps": 211,
  "elapsed_sec": 15.703443765640259,
  "timestamp": 1757088184.9032443
}